"Addr","",""
"","",""
"","",""
"","",""
"","",""
"","",""
"","",""
"","",""
"","",""
"","",""
"","",""
"","",""
"","",""
"","",""
"","",""
"","",""
"","",""
"","",""
"","",""
"","",""
"","",""
"4 Vaux St, Rockingham, Western Australia","",""
"4 Vaux St, Rockingham, Western Australia","",""
"","",""
"","",""
"","",""
"","",""
"","",""
"","",""
"","",""
"","",""
"","",""
"","",""
"","",""
"","",""
"","",""
"","",""
"","",""
"","",""
"31 Maes-Y-Dalerwes, Hewgood, Mid Glamorgan","",""
"Copthorne House, Brighton Road, Tadworth","KT20 6BQ","Who lives in Brighton Road, Tadworth, KT20 6BQ"
"","",""
"","",""
"","",""
"","",""
"","",""
"","",""
"","",""
"","",""
"","",""
"","",""
"","",""
"","",""
"","",""
"","",""
"","",""
"","",""
"Wyverne, Ashcombe Terrace, Tadworth","KT20 5EW","view property details for Wyverne Ashcombe Terrace Tadworth KT20 5EW"
"Wyverne, Ashcombe Terrace, Tadworth","KT20 5EW","view property details for Wyverne Ashcombe Terrace Tadworth KT20 5EW"
"","",""
"","",""
"","",""
"","",""
"40 Westways, Stoneleigh, Kingston upon Thames","",""
"40 Westways, Stoneleigh, Kingston upon Thames","",""
"","",""
"","",""
"","",""
"","",""
"230 Fir Tree Road, Banstead","",""
"","",""
"","",""
"","",""
"","",""
"","",""
"","",""
"","",""
"","",""
"Golf Ridge, 244 Banstead Road, Banstead","SM7 1QE","ce address: Golf Ridge 244 Banstead Road, Banstead, Surrey, SM7 1QE"
"","",""
"","",""
"","",""
"","",""
"","",""
"","",""
"","",""
"","",""
"","",""
"75 High Beeches, Banstead","SM7 1NW","oopla to view property details for 75 High Beeches Banstead SM7 1NW"
"","",""
"50 Well House, Woodmansterne Lane, Banstead","SM7 3AB"," details for Flat 50 Well House Woodmansterne Lane Banstead SM7 3AB"
"","",""
"","",""
"","",""
"","",""
"","",""
"","",""
"","",""
"230 Fir Tree Road, Banstead","",""
"","",""
"8 Chandlers, Alum Grove, Tadworth","KT20 5HX","ps, school district for 8, Chandlers, Allum Grove, Tadworth KT20 5HX"
"","",""
"","",""
"","",""
"","",""
"","",""
"","",""
"","",""
"Harcroft, Woodland Way, Kingswood","KT20 6PA","operty details for Harcroft Woodland Way Kingswood Tadworth KT20 6PA"
"Harcroft, Woodland Way, Kingswood","KT20 6PA","operty details for Harcroft Woodland Way Kingswood Tadworth KT20 6PA"
"","",""
"","",""
"","",""
"","",""
"","",""
"","",""
"","",""
"","",""
"","",""
"","",""
"","",""
"","",""
"","",""
"","",""
"","",""
"","",""
"","",""
"","",""
"","",""
"","",""
"","",""
"","",""
"","",""
"","",""
"","",""
"","",""
"","",""
"","",""
"","",""
"","",""
"","",""
"","",""
"","",""
"","",""
"","",""
"","",""
"","",""
"","",""
"","",""
"","",""
"","",""
"","",""
"","",""
"","",""
"","",""
"","",""
"","",""
"","",""
"","",""
"","",""
"","",""
"","",""
"","",""
"","",""
"","",""
"","",""
"","",""
"","",""
"","",""
"","",""
"Congella Road, Ellacombe, Torquay","TQ1 1JU","506. Full Address: 4 Congella Road Ellacombe Torquay Torbay TQ1 1JU"
"","",""
"","",""
"","",""
"","",""
"","",""
"","",""
"","",""
"","",""
"","",""
"","",""
"","",""
"","",""
"","",""
"","",""
"","",""
"","",""
"","",""
"","",""
"","",""
"Flat B, 12th Floor, Caroline Garden, 101 Caroline Hill Road, So Kon Po Causeway Bay","",""
"","",""
"","",""
"","",""
"","",""
"","",""
"","",""
"","",""
"","",""
"","",""
"","",""
"","",""
"","",""
"","",""
"","",""
"","",""
"","",""
"","",""
"10 Sandersfield Road, Banstead","SM7 2DL","8135381. Full Address: 10 Sandersfield Road Banstead Surrey SM7 2DL"
"27 Laxton Gardens, Merstham, Redhill","RH1 3NJ","iew property details for 27 Laxton Gardens Merstham Redhill RH1 3NJ"
"","",""
"17 Beckenshaw Gardens, Woodmansterne, Banstead","",""
"Cintra, 6 Flint Close, Banstead","",""
"55 Wilmot Way, Banstead","SM7 2PZ"," Zoopla to view property details for 55 Wilmot Way Banstead SM7 2PZ"
"55 Wilmot Way, Banstead","SM7 2PZ"," Zoopla to view property details for 55 Wilmot Way Banstead SM7 2PZ"
"The Lanterns, 59 Kingswood Lane, Warlingham","CR6 9AB","Kingswood Lane. Warlingham. CR6 9AB"
"23 Ferndale Road, Banstead","SM7 2EX","opla to view property details for 23 Ferndale Road Banstead SM7 2EX"
"22 St James' Road, Purley","CR8 2DL","26, St James Road, Purley, Greater London CR8 2DL"
"22 St James' Road, Purley","CR8 2DL","26, St James Road, Purley, Greater London CR8 2DL"
"39 Sandersfield Road, Banstead","SM7 2DH","39, Sandersfield Road, Banstead, Surrey SM7 2DH"
"10 Cronks Hill Close, Redhill","RH1 6LX","10, Cronks Hill Close, Redhill, Surrey RH1 6LX"
"3 Hills Green Cottages, Kirdford","RH14 0JN","y details for 3 Hills Green Cottages Kirdford Billingshurst RH14 0JN"
"55 Sutton Grove, Sutton","SM1 4LP"," Zoopla to view property details for 55 Sutton Grove Sutton SM1 4LP"
"Wychcross, Outwood Lane, Chipstead","CR5 3NL","perty details for Wychcross Outwood Lane Chipstead Coulsdon CR5 3NL"
"Wychcross, Outwood Lane, Chipstead","CR5 3NL","perty details for Wychcross Outwood Lane Chipstead Coulsdon CR5 3NL"
"21 Boyland Road, Bromley","BR1 4QE","See property details for 21 Boyland Road, Bromley, BR1 4QE"
"3 Christopher Court, High Street, Tadworth","KT20 5QX","operty details for 3 Christopher Court High Street Tadworth KT20 5QX"
"5 Carrington Road, Bristol","BS3 2AQ","Full Address: 5 Carrington Road Bristol BS3 2AQ"
"5 Carrington Road, Bristol","BS3 2AQ","Full Address: 5 Carrington Road Bristol BS3 2AQ"
"19A Green Lane, Northgate, Crawley","RH10 8JX","See property details for 19a Green Lane, Crawley, RH10 8JX"
"35 Nutfield Road, Merstham","RH1 3EN","view property details for 35 Nutfield Road Merstham Redhill RH1 3EN"
"10 Sandersfield Road, Banstead","SM7 2DL","8135381. Full Address: 10 Sandersfield Road Banstead Surrey SM7 2DL"
"10 Sandersfield Road, Banstead","SM7 2DL","8135381. Full Address: 10 Sandersfield Road Banstead Surrey SM7 2DL"
"Epsom Lodge, 1 Burgh Heath Road, Epsom","",""
"52 Sandlands Road, Walton on the Hill","",""
"51 Lambert Road, Banstead","SM7 2QU","oopla to view property details for 51 Lambert Road Banstead SM7 2QU"
"64 Stanley Park Road, Wallington","",""
"113 Carshalton Road, Sutton","SM1 4LL","pla to view property details for 113 Carshalton Road Sutton SM1 4LL"
"","",""
"44 Woodcote Avenue, Wallington","SM6 0QY"," to view property details for 44 Woodcote Avenue Wallington SM6 0QY"
"Friars Barn, 5 Great Tattenhams, Epsom","KT18 5RF","hanical Ltd. Friars Barn, 5 Great Tattenhams, Epsom, Surrey KT18 5RF"
"Friars Barn, 5 Great Tattenhams, Epsom","KT18 5RF","hanical Ltd. Friars Barn, 5 Great Tattenhams, Epsom, Surrey KT18 5RF"
"4 Sycamore Rise, High Beeches, Banstead","SM7 1LH","codes in the immediate vicinity of Sycamore Rise, Banstead, SM7 1LH"
"4 Sycamore Rise, High Beeches, Banstead","SM7 1LH","codes in the immediate vicinity of Sycamore Rise, Banstead, SM7 1LH"
"18 Maynards, Whittlesford","CB22 4PN","18, Maynards, Whittlesford, Cambridge, Cambridgeshire CB22 4PN"
"18 Maynards, Whittlesford","CB22 4PN","18, Maynards, Whittlesford, Cambridge, Cambridgeshire CB22 4PN"
"18 Cecil Road, Cheam","SM1 2DL","18, Cecil Road, Cheam, Sutton, SM1 2DL"
"18 Cecil Road, Cheam","SM1 2DL","18, Cecil Road, Cheam, Sutton, SM1 2DL"
"19 Tewkesbury Road, Carshalton","SM5 1QE"," to view property details for 19 Tewkesbury Road Carshalton SM5 1QE"
"46 Well House, Woodmansterne Lane, Banstead","SM7 3AB"," details for Flat 46 Well House Woodmansterne Lane Banstead SM7 3AB"
"White Oak Cottage, Forest Drive, Kingswood","KT20 6LP","Woodlands, Forest Drive, Kingswood, Tadworth, Surrey, KT20 6LP"
"White Oak Cottage, Forest Drive, Kingswood","KT20 6LP","Woodlands, Forest Drive, Kingswood, Tadworth, Surrey, KT20 6LP"
"24 Tumblewood Road, Banstead","SM7 1DX","la to view property details for 24 Tumblewood Road Banstead SM7 1DX"
"24 Tumblewood Road, Banstead","SM7 1DX","la to view property details for 24 Tumblewood Road Banstead SM7 1DX"
"133 Winkworth Road, Banstead","SM7 2JW","la to view property details for 133 Winkworth Road Banstead SM7 2JW"
"133 Winkworth Road, Banstead","SM7 2JW","la to view property details for 133 Winkworth Road Banstead SM7 2JW"
"","",""
"","",""
"","",""
"65 Josephine Avenue, Kingswood","",""
"65 Josephine Avenue, Kingswood","",""
"8 Fengates Road, Redhill","RH1 6AH","Zoopla to view property details for 8 Fengates Road Redhill RH1 6AH"
"18 Chipstead Lane, Lower Kingswood","KT20 6RE","erty details for 18 Chipstead Lane Lower Kingswood Tadworth KT20 6RE"
"18 Chipstead Lane, Lower Kingswood","KT20 6RE","erty details for 18 Chipstead Lane Lower Kingswood Tadworth KT20 6RE"
"3 Harbourfield Road, Banstead","SM7 2DE","3, Harbourfield Road, Banstead, Surrey SM7 2DE"
"","",""
"","",""
"","",""
"","",""
"Urb Puerto Caleta 91, 29751 Caleta De Velez, Malaga","",""
"14 Eastgate, Nork, Banstead","",""
"7 Hawthorn Close, Fir Tree Road, Banstead","SM7 1ND","roperty details for 7 Hawthorn Close Fir Tree Road Banstead SM7 1ND"
"7 Hawthorn Close, Fir Tree Road, Banstead","SM7 1ND","roperty details for 7 Hawthorn Close Fir Tree Road Banstead SM7 1ND"
"35 Burgh Wood, Banstead","SM7 1EW"," Zoopla to view property details for 35 Burgh Wood Banstead SM7 1EW"
"2 Jubilee Road, Cheam","SM3 8DJ","la to view property details for 2 Jubilee Road Cheam Sutton SM3 8DJ"
"14 Tumblewood Road, Banstead","SM7 1DX","068102993. Full Address: 14 Tumblewood Road Banstead Surrey SM7 1DX"
"36 Fairlawn Grove, Banstead","SM7 3BN","See property details for 36 Fairlawn Grove, Banstead, SM7 3BN"
"","",""
"14 Meare Close, Tadworth","KT20 5RZ","Zoopla to view property details for 14 Meare Close Tadworth KT20 5RZ"
"14 Meare Close, Tadworth","KT20 5RZ","Zoopla to view property details for 14 Meare Close Tadworth KT20 5RZ"
"14 Buckles Way, Banstead","SM7 1HD"," 000068102676. Full Address: 14 Buckles Way Banstead Surrey SM7 1HD"
"20 Higher Drive, Banstead","SM7 1PF","oopla to view property details for 20 Higher Drive Banstead SM7 1PF"
"156 Ridge Road, Sutton","SM3 9LZ","ntial, 18 May 2005. 156, Ridge Road, Sutton, Greater London SM3 9LZ"
"16 Farriers Close, Epsom","KT17 1LS","Zoopla to view property details for 16 Farriers Close Epsom KT17 1LS"
"16 Farreirs Close, Epsom","KT17 1LS","Zoopla to view property details for 16 Farriers Close Epsom KT17 1LS"
"Oak Angles, 458 Reigate Road, Epson Downs","",""
"30 Sandersfield Road, Banstead","SM7 2DN"," to view property details for 30 Sandersfield Road Banstead SM7 2DN"
"9 The Maples, Banstead","SM7 3QZ","e Zoopla to view property details for 9 The Maples Banstead SM7 3QZ"
"9 The Maples, Banstead","SM7 3QZ","e Zoopla to view property details for 9 The Maples Banstead SM7 3QZ"
"60 Pound Road, Banstead","SM7 2HU"," Zoopla to view property details for 60 Pound Road Banstead SM7 2HU"
"8 Beaconsfield Road, Langley Vale, Epsom","",""
"24 The Tracery Park Road, Banstead","",""
"","",""
"","",""
"11 Harbourfield Road, Banstead","SM7 2DE"," to view property details for 11 Harbourfield Road Banstead SM7 2DE"
"5 Parsonsfield Road, Banstead","SM7 1JW","a to view property details for 5 Parsonsfield Road Banstead SM7 1JW"
"5 Parsonsfield Road, Banstead","SM7 1JW","a to view property details for 5 Parsonsfield Road Banstead SM7 1JW"
"","",""
"3 Chapel Way, Epsom Downs","KT18 5TE","115777. Full Address: 3 Chapel Way Epsom Downs Epsom Surrey KT18 5TE"
"53 Addiscombe Court Road, East Croydon","",""
"53 Addiscombe Court Road, East Croydon","",""
"15 Fairmont Close, Upper Belvedere","",""
"63 St Andrews Road, Coulsdon","CR5 3HG","a to view property details for 63 St. Andrews Road Coulsdon CR5 3HG"
"63 St Andrews Road, Coulsdon","CR5 3HG","a to view property details for 63 St. Andrews Road Coulsdon CR5 3HG"
"92 Merland Rise, Tadworth","KT20 5JD","oopla to view property details for 92 Merland Rise Tadworth KT20 5JD"
"67a Brighton Road, South Croydon","CR2 6EE","o view property details for 67a Brighton Road South Croydon CR2 6EE"
"15 Whitford Gardens, Mitcham","CR4 4AB","la to view property details for 15 Whitford Gardens Mitcham CR4 4AB"
"","",""
"","",""
"","",""
"14 Geralds Grove, Banstead","SM7 1NE","Sold House Prices in SM7 1NE"
"14 Geralds Grove, Banstead","SM7 1NE","Sold House Prices in SM7 1NE"
